,,FY2020,FY2021,FY2022,FY2023,FY2024,FY2025,Latest 12m,symbol
Price and value,Share price,–,–,$86.21,$116.89,$223.71,$353.27,$263.27,CEG
Price and value,Market value,–,–,$28.36bn,$37.87bn,$70.47bn,$110.93bn,$93.28bn,CEG
Price and value,DCF fair value,–,–,–,–,–,–,$206.51,CEG
Price and value,Cash flow before growth (DCF base),-$2.79bn,-$5.66bn,-$4.58bn,-$7.47bn,-$5.16bn,$1.64bn,$4.82bn,CEG
Debt and cash,Total debt,–,$7.88bn,$5.77bn,$9.26bn,$8.41bn,$8.99bn,$24.70bn,CEG
Debt and cash,Net debt,–,$7.37bn,$5.35bn,$8.89bn,$5.39bn,$5.35bn,$24.00bn,CEG
Debt and cash,Short-term debt,–,$3.30bn,$1.30bn,$1.76bn,$1.03bn,$1.74bn,$5.59bn,CEG
Debt and cash,Long-term debt,–,$4.58bn,$4.47bn,$7.50bn,$7.38bn,$7.25bn,$19.11bn,CEG
Debt and cash,Cash,$0.23bn,$0.50bn,$0.42bn,$0.37bn,$3.02bn,$3.64bn,$0.70bn,CEG
Earnings,Revenue (12m),$17.60bn,$19.65bn,$24.44bn,$24.92bn,$23.57bn,$25.53bn,$31.27bn,CEG
Earnings,EBITDA (12m),$3.89bn,$4.19bn,$2.92bn,$4.12bn,$7.05bn,$5.69bn,$8.23bn,CEG
Earnings,Net income (12m),$0.59bn,-$0.20bn,-$0.16bn,$1.62bn,$3.75bn,$2.32bn,$3.46bn,CEG
Earnings,EPS (12m),–,–,-$0.49,$5.01,$11.89,$7.40,$10.24,CEG
Earnings,Forward EPS,–,–,–,–,–,–,$13.32,CEG
Cash flow,Operating cash flow,$0.58bn,-$1.34bn,-$2.35bn,-$5.30bn,-$2.46bn,$4.24bn,$4.21bn,CEG
Cash flow,Capex,-$1.75bn,-$1.33bn,-$1.69bn,-$2.42bn,-$2.56bn,-$2.95bn,-$3.90bn,CEG
Cash flow,Free cash flow,-$1.16bn,-$2.67bn,-$4.04bn,-$7.72bn,-$5.03bn,$1.29bn,$0.31bn,CEG
