date,Dividends
2016-12-15,2.32
2019-03-14,0.125
2019-06-13,0.125
2019-09-13,0.125
2019-12-13,0.125
2020-03-16,0.135
2020-06-15,0.135
2020-09-15,0.135
2020-12-15,0.135
2021-03-16,0.15
2021-06-15,0.15
2021-09-15,0.15
2021-12-15,0.15
2022-03-21,0.17
2022-06-21,0.177
2022-09-20,0.184
2022-12-19,0.193
2023-03-21,0.198
2023-06-20,0.204
2023-09-19,0.206
2023-12-19,0.213
2024-03-19,0.215
2024-06-18,0.218
2024-09-20,0.22
2024-12-20,0.222
2025-03-20,0.224
2025-06-18,0.225
2025-09-19,0.226
2025-12-22,0.227
2026-03-20,0.228
2026-06-22,0.229
2026-09-21,0.23
